<?xml version="1.0" encoding="UTF-8" standalone="no"?>
<LoganContent xmlns="http://www.oracle.com/DataCenter/LogAnalyticsStd" content_version="2.56.2.0.0" name="content_1657769804514" oms_version="2.56.2.0.0">
   <Field oms_version="2.56.2.0.0">
      <DisplayName>tls-host</DisplayName>
      <FieldType>1</FieldType>
      <IsSystem>0</IsSystem>
      <IsPrimary>1</IsPrimary>
      <DataType>STRING</DataType>
      <IsMetricKeyEligible>0</IsMetricKeyEligible>
      <IsMetricValueEligible>0</IsMetricValueEligible>
      <FacetEligible>1</FacetEligible>
      <RangeFacetEligible>0</RangeFacetEligible>
      <TableEligible>1</TableEligible>
      <FacetPriority>1</FacetPriority>
      <Summarizable>1</Summarizable>
      <HighCardinality>1</HighCardinality>
      <LargeData>0</LargeData>
      <MultiValued>0</MultiValued>
      <SMAEnabledSetting>0</SMAEnabledSetting>
   </Field>
   <Field oms_version="2.56.2.0.0">
      <DisplayName>tls-http-method</DisplayName>
      <FieldType>1</FieldType>
      <IsSystem>0</IsSystem>
      <IsPrimary>1</IsPrimary>
      <DataType>STRING</DataType>
      <IsMetricKeyEligible>0</IsMetricKeyEligible>
      <IsMetricValueEligible>0</IsMetricValueEligible>
      <FacetEligible>1</FacetEligible>
      <RangeFacetEligible>0</RangeFacetEligible>
      <TableEligible>1</TableEligible>
      <FacetPriority>1</FacetPriority>
      <Summarizable>1</Summarizable>
      <HighCardinality>1</HighCardinality>
      <LargeData>0</LargeData>
      <MultiValued>0</MultiValued>
      <SMAEnabledSetting>0</SMAEnabledSetting>
   </Field>
   <Field oms_version="2.56.2.0.0">
      <DisplayName>tls-version</DisplayName>
      <FieldType>1</FieldType>
      <IsSystem>0</IsSystem>
      <IsPrimary>1</IsPrimary>
      <DataType>STRING</DataType>
      <IsMetricKeyEligible>0</IsMetricKeyEligible>
      <IsMetricValueEligible>0</IsMetricValueEligible>
      <FacetEligible>1</FacetEligible>
      <RangeFacetEligible>0</RangeFacetEligible>
      <TableEligible>1</TableEligible>
      <FacetPriority>1</FacetPriority>
      <Summarizable>1</Summarizable>
      <HighCardinality>1</HighCardinality>
      <LargeData>0</LargeData>
      <MultiValued>0</MultiValued>
      <SMAEnabledSetting>0</SMAEnabledSetting>
   </Field>
   <Field oms_version="2.56.2.0.0">
      <DisplayName>tls-request-uri</DisplayName>
      <FieldType>1</FieldType>
      <IsSystem>0</IsSystem>
      <IsPrimary>1</IsPrimary>
      <DataType>STRING</DataType>
      <IsMetricKeyEligible>0</IsMetricKeyEligible>
      <IsMetricValueEligible>0</IsMetricValueEligible>
      <FacetEligible>1</FacetEligible>
      <RangeFacetEligible>0</RangeFacetEligible>
      <TableEligible>1</TableEligible>
      <FacetPriority>1</FacetPriority>
      <Summarizable>1</Summarizable>
      <HighCardinality>1</HighCardinality>
      <LargeData>0</LargeData>
      <MultiValued>0</MultiValued>
      <SMAEnabledSetting>0</SMAEnabledSetting>
   </Field>
   <Field oms_version="2.56.2.0.0">
      <DisplayName>tls-request-user-agent</DisplayName>
      <FieldType>1</FieldType>
      <IsSystem>0</IsSystem>
      <IsPrimary>1</IsPrimary>
      <DataType>STRING</DataType>
      <IsMetricKeyEligible>0</IsMetricKeyEligible>
      <IsMetricValueEligible>0</IsMetricValueEligible>
      <FacetEligible>1</FacetEligible>
      <RangeFacetEligible>0</RangeFacetEligible>
      <TableEligible>1</TableEligible>
      <FacetPriority>1</FacetPriority>
      <Summarizable>1</Summarizable>
      <HighCardinality>1</HighCardinality>
      <LargeData>0</LargeData>
      <MultiValued>0</MultiValued>
      <SMAEnabledSetting>0</SMAEnabledSetting>
   </Field>
   <Field oms_version="2.56.2.0.0">
      <DisplayName>tls-form-username</DisplayName>
      <FieldType>1</FieldType>
      <IsSystem>0</IsSystem>
      <IsPrimary>1</IsPrimary>
      <DataType>STRING</DataType>
      <IsMetricKeyEligible>0</IsMetricKeyEligible>
      <IsMetricValueEligible>0</IsMetricValueEligible>
      <FacetEligible>1</FacetEligible>
      <RangeFacetEligible>0</RangeFacetEligible>
      <TableEligible>1</TableEligible>
      <FacetPriority>1</FacetPriority>
      <Summarizable>1</Summarizable>
      <HighCardinality>1</HighCardinality>
      <LargeData>0</LargeData>
      <MultiValued>0</MultiValued>
      <SMAEnabledSetting>0</SMAEnabledSetting>
   </Field>
   <Field oms_version="2.56.2.0.0">
      <DisplayName>tls-api-username</DisplayName>
      <FieldType>1</FieldType>
      <IsSystem>0</IsSystem>
      <IsPrimary>1</IsPrimary>
      <DataType>STRING</DataType>
      <IsMetricKeyEligible>0</IsMetricKeyEligible>
      <IsMetricValueEligible>0</IsMetricValueEligible>
      <FacetEligible>1</FacetEligible>
      <RangeFacetEligible>0</RangeFacetEligible>
      <TableEligible>1</TableEligible>
      <FacetPriority>1</FacetPriority>
      <Summarizable>1</Summarizable>
      <HighCardinality>1</HighCardinality>
      <LargeData>0</LargeData>
      <MultiValued>0</MultiValued>
      <SMAEnabledSetting>0</SMAEnabledSetting>
   </Field>
   <Field oms_version="2.56.2.0.0">
      <DisplayName>tls-client-ip</DisplayName>
      <FieldType>1</FieldType>
      <IsSystem>0</IsSystem>
      <IsPrimary>1</IsPrimary>
      <DataType>STRING</DataType>
      <IsMetricKeyEligible>0</IsMetricKeyEligible>
      <IsMetricValueEligible>0</IsMetricValueEligible>
      <FacetEligible>1</FacetEligible>
      <RangeFacetEligible>0</RangeFacetEligible>
      <TableEligible>1</TableEligible>
      <FacetPriority>1</FacetPriority>
      <Summarizable>1</Summarizable>
      <HighCardinality>1</HighCardinality>
      <LargeData>0</LargeData>
      <MultiValued>0</MultiValued>
      <SMAEnabledSetting>0</SMAEnabledSetting>
   </Field>
   <Parser oms_version="2.56.2.0.0" tokenize_orig_text="1" type="6">
      <Name>tls-migration-parser</Name>
      <DisplayName>tls-migration-parser</DisplayName>
      <IsSingleLineContent>0</IsSingleLineContent>
      <HeaderContent>$:0</HeaderContent>
      <ExampleContent>{
  "data": {
    "request.api_username": "scott",
    "request.client_ip": "127.0.0.1",
    "request.host": "127.0.0.1",
    "request.method": "POST",
    "request.time": 1657675482.531,
    "request.tls_version": "TLSv1",
    "request.uri": "/login",
    "request.user_agent": "curl/7.79.1",
    "request.username": "jackson",
    "tailed_path": "/usr/local/openresty/nginx/logs/tls.log"
  },
  "id": "3ba826e6-80e7-43f3-bda7-ccc981073af7",
  "oracle": {
    "compartmentid": "ocid1.compartment.oc1..aaaaaaaa",
    "ingestedtime": "2022-07-13T01:27:40.061Z",
    "instanceid": "ocid1.instance.oc1.ap-sydney-1.anz",
    "loggroupid": "ocid1.loggroup.oc1.ap-sydney-1.amaaaaaa",
    "logid": "ocid1.log.oc1.ap-sydney-1.amaaaaaa",
    "tenantid": "ocid1.tenancy.oc1..aaaaaaaa"
  },
  "source": "ol8-openresty",
  "specversion": "1.0",
  "subject": "/usr/local/openresty/nginx/logs/tls.log",
  "time": "2022-07-13T01:24:42.536Z",
  "type": "com.oraclecloud.logging.custom.tlslogs"
}</ExampleContent>
      <IsSystem>0</IsSystem>
      <Encoding>UTF-8</Encoding>
      <Language>en_US</Language>
      <ParserFields>
         <ParserField>
            <FieldSeq>5</FieldSeq>
            <FieldName>time</FieldName>
            <StructuredColInfo>$.data.request.time</StructuredColInfo>
         </ParserField>
         <ParserField>
            <FieldSeq>1</FieldSeq>
            <FieldName>udfs82</FieldName>
            <StructuredColInfo>$.data.request.api_username</StructuredColInfo>
         </ParserField>
         <ParserField>
            <FieldSeq>2</FieldSeq>
            <FieldName>udfs83</FieldName>
            <StructuredColInfo>$.data.request.client_ip</StructuredColInfo>
         </ParserField>
         <ParserField>
            <FieldSeq>3</FieldSeq>
            <FieldName>udfs84</FieldName>
            <StructuredColInfo>$.data.request.host</StructuredColInfo>
         </ParserField>
         <ParserField>
            <FieldSeq>4</FieldSeq>
            <FieldName>udfs85</FieldName>
            <StructuredColInfo>$.data.request.method</StructuredColInfo>
         </ParserField>
         <ParserField>
            <FieldSeq>6</FieldSeq>
            <FieldName>udfs86</FieldName>
            <StructuredColInfo>$.data.request.tls_version</StructuredColInfo>
         </ParserField>
         <ParserField>
            <FieldSeq>7</FieldSeq>
            <FieldName>udfs87</FieldName>
            <StructuredColInfo>$.data.request.uri</StructuredColInfo>
         </ParserField>
         <ParserField>
            <FieldSeq>8</FieldSeq>
            <FieldName>udfs88</FieldName>
            <StructuredColInfo>$.data.request.user_agent</StructuredColInfo>
         </ParserField>
         <ParserField>
            <FieldSeq>9</FieldSeq>
            <FieldName>udfs89</FieldName>
            <StructuredColInfo>$.data.request.username</StructuredColInfo>
         </ParserField>
      </ParserFields>
      <WrittenOnce>0</WrittenOnce>
      <IsDefaultParser>1</IsDefaultParser>
   </Parser>
   <Source configWarningSettings="0" name="tls-migration-source" oms_version="2.56.2.0.0">
      <SourceType>os_file</SourceType>
      <TargetTypes>
         <TargetType>omc_host_linux</TargetType>
      </TargetTypes>
      <DisplayName>tls-migration-source</DisplayName>
      <IsSystem>0</IsSystem>
      <IsSecureContent>1</IsSecureContent>
      <Parsers>
         <Parser>
            <ParserSeq>1</ParserSeq>
            <ParserName>tls-migration-parser</ParserName>
         </Parser>
      </Parsers>
      <SourceFunctions>
         <SourceFunction lookupMode="0" name="Geolocation" order="101" overrideOutputFields="1">
            <SourceInputFields>
               <InputField lkCol="IP Field" order="1">udfs83</InputField>
            </SourceInputFields>
            <SourceOutputFields>
               <OutputField lkCol="Continent" order="1">continentclnt</OutputField>
               <OutputField lkCol="Country Code" order="4">countrycodeclnt</OutputField>
               <OutputField lkCol="Coordinates" order="8">geolocclnt</OutputField>
               <OutputField lkCol="Continent Code" order="2">continentcodeclnt</OutputField>
               <OutputField lkCol="City" order="7">cityclnt</OutputField>
               <OutputField lkCol="Country" order="3">countryclnt</OutputField>
               <OutputField lkCol="State Code" order="6">regioncodeclnt</OutputField>
               <OutputField lkCol="State" order="5">regionclnt</OutputField>
            </SourceOutputFields>
            <IsSystem>0</IsSystem>
            <IsEnabled>1</IsEnabled>
         </SourceFunction>
      </SourceFunctions>
      <IsHidden>0</IsHidden>
      <IsSMAEnabled>0</IsSMAEnabled>
   </Source>
   <FieldNameMaps>
      <FieldNameMap>
         <Name>udfs84</Name>
         <DisplayName>tls-host</DisplayName>
      </FieldNameMap>
      <FieldNameMap>
         <Name>udfs85</Name>
         <DisplayName>tls-http-method</DisplayName>
      </FieldNameMap>
      <FieldNameMap>
         <Name>udfs86</Name>
         <DisplayName>tls-version</DisplayName>
      </FieldNameMap>
      <FieldNameMap>
         <Name>udfs87</Name>
         <DisplayName>tls-request-uri</DisplayName>
      </FieldNameMap>
      <FieldNameMap>
         <Name>udfs88</Name>
         <DisplayName>tls-request-user-agent</DisplayName>
      </FieldNameMap>
      <FieldNameMap>
         <Name>udfs89</Name>
         <DisplayName>tls-form-username</DisplayName>
      </FieldNameMap>
      <FieldNameMap>
         <Name>udfs82</Name>
         <DisplayName>tls-api-username</DisplayName>
      </FieldNameMap>
      <FieldNameMap>
         <Name>udfs83</Name>
         <DisplayName>tls-client-ip</DisplayName>
      </FieldNameMap>
   </FieldNameMaps>
</LoganContent>
